{
  "config": {
    "sizes": [
      100,
      1100,
      2100,
      3100,
      4100,
      5100,
      6100,
      7100,
      8100,
      9100
    ],
    "seed": 42,
    "bplustree_order": 4,
    "show_progress": true
  },
  "results": [
    {
      "size": 100,
      "bplustree": {
        "insert_time_sec": 0.000267400002485374,
        "search_time_sec": 3.229999856557697e-05,
        "delete_time_sec": 0.00012600000263773836,
        "range_query_time_sec": 5.149999924469739e-05,
        "random_workload_time_sec": 0.00022680000256514177,
        "peak_memory_bytes": 23664
      },
      "bruteforce": {
        "insert_time_sec": 0.0003265000013925601,
        "search_time_sec": 0.0001446999995096121,
        "delete_time_sec": 4.720000288216397e-05,
        "range_query_time_sec": 5.999999848427251e-05,
        "random_workload_time_sec": 0.0001295000001846347,
        "peak_memory_bytes": 1424
      }
    },
    {
      "size": 1100,
      "bplustree": {
        "insert_time_sec": 0.004603600002155872,
        "search_time_sec": 0.0003814999981841538,
        "delete_time_sec": 0.001331300001766067,
        "range_query_time_sec": 0.0004332000025897287,
        "random_workload_time_sec": 0.004966399999830173,
        "peak_memory_bytes": 246584
      },
      "bruteforce": {
        "insert_time_sec": 0.02709839999806718,
        "search_time_sec": 0.008820700000796933,
        "delete_time_sec": 0.005266300002404023,
        "range_query_time_sec": 0.0006357999991450924,
        "random_workload_time_sec": 0.003606099999160506,
        "peak_memory_bytes": 9360
      }
    },
    {
      "size": 2100,
      "bplustree": {
        "insert_time_sec": 0.005330399999365909,
        "search_time_sec": 0.0008834000000206288,
        "delete_time_sec": 0.00249690000055125,
        "range_query_time_sec": 0.001133599998865975,
        "random_workload_time_sec": 0.007116400000086287,
        "peak_memory_bytes": 470528
      },
      "bruteforce": {
        "insert_time_sec": 0.10522960000162129,
        "search_time_sec": 0.03666159999920637,
        "delete_time_sec": 0.01902899999913643,
        "range_query_time_sec": 0.001220499998453306,
        "random_workload_time_sec": 0.014678199997433694,
        "peak_memory_bytes": 24392
      }
    },
    {
      "size": 3100,
      "bplustree": {
        "insert_time_sec": 0.01134230000025127,
        "search_time_sec": 0.0010717000004660804,
        "delete_time_sec": 0.004784799999470124,
        "range_query_time_sec": 0.0017899000013130717,
        "random_workload_time_sec": 0.015053099999931874,
        "peak_memory_bytes": 700288
      },
      "bruteforce": {
        "insert_time_sec": 0.22793480000109412,
        "search_time_sec": 0.07433599999785656,
        "delete_time_sec": 0.04665880000175093,
        "range_query_time_sec": 0.0029513000008591916,
        "random_workload_time_sec": 0.04161789999852772,
        "peak_memory_bytes": 88144
      }
    },
    {
      "size": 4100,
      "bplustree": {
        "insert_time_sec": 0.016969100001006154,
        "search_time_sec": 0.0015041000006021932,
        "delete_time_sec": 0.006682399998680921,
        "range_query_time_sec": 0.0032018999991123565,
        "random_workload_time_sec": 0.019066299999394687,
        "peak_memory_bytes": 920440
      },
      "bruteforce": {
        "insert_time_sec": 0.41178450000006706,
        "search_time_sec": 0.13326320000123815,
        "delete_time_sec": 0.07717140000022482,
        "range_query_time_sec": 0.019804600000497885,
        "random_workload_time_sec": 0.05190690000017639,
        "peak_memory_bytes": 151120
      }
    },
    {
      "size": 5100,
      "bplustree": {
        "insert_time_sec": 0.030816200000117533,
        "search_time_sec": 0.0019518000008247327,
        "delete_time_sec": 0.009492599998338846,
        "range_query_time_sec": 0.002214500000263797,
        "random_workload_time_sec": 0.031722900002932874,
        "peak_memory_bytes": 1148360
      },
      "bruteforce": {
        "insert_time_sec": 0.7073521999991499,
        "search_time_sec": 0.22216240000125254,
        "delete_time_sec": 0.131199800001923,
        "range_query_time_sec": 0.017268200001126388,
        "random_workload_time_sec": 0.09802839999974822,
        "peak_memory_bytes": 215952
      }
    },
    {
      "size": 6100,
      "bplustree": {
        "insert_time_sec": 0.02026060000207508,
        "search_time_sec": 0.003407399999559857,
        "delete_time_sec": 0.010528399998293025,
        "range_query_time_sec": 0.00360749999890686,
        "random_workload_time_sec": 0.045865199997933814,
        "peak_memory_bytes": 1378640
      },
      "bruteforce": {
        "insert_time_sec": 0.9413456000002043,
        "search_time_sec": 0.33662659999754396,
        "delete_time_sec": 0.17612949999966077,
        "range_query_time_sec": 0.004080500002601184,
        "random_workload_time_sec": 0.12898409999979776,
        "peak_memory_bytes": 283152
      }
    },
    {
      "size": 7100,
      "bplustree": {
        "insert_time_sec": 0.026114899999811314,
        "search_time_sec": 0.002747899998212233,
        "delete_time_sec": 0.013536500002373941,
        "range_query_time_sec": 0.004520099999353988,
        "random_workload_time_sec": 0.05186249999678694,
        "peak_memory_bytes": 1603048
      },
      "bruteforce": {
        "insert_time_sec": 1.299465299998701,
        "search_time_sec": 0.42303679999895394,
        "delete_time_sec": 0.2601911999990989,
        "range_query_time_sec": 0.005534899999474874,
        "random_workload_time_sec": 0.17723449999903096,
        "peak_memory_bytes": 345808
      }
    },
    {
      "size": 8100,
      "bplustree": {
        "insert_time_sec": 0.04294560000198544,
        "search_time_sec": 0.0036978999996790662,
        "delete_time_sec": 0.016374099999666214,
        "range_query_time_sec": 0.005132099999173079,
        "random_workload_time_sec": 0.08797650000269641,
        "peak_memory_bytes": 1823992
      },
      "bruteforce": {
        "insert_time_sec": 1.670396500001516,
        "search_time_sec": 0.5817559999995865,
        "delete_time_sec": 0.320286500002112,
        "range_query_time_sec": 0.005721100002119783,
        "random_workload_time_sec": 0.22113750000062282,
        "peak_memory_bytes": 409296
      }
    },
    {
      "size": 9100,
      "bplustree": {
        "insert_time_sec": 0.05048320000059903,
        "search_time_sec": 0.0047598000019206665,
        "delete_time_sec": 0.015517100000579376,
        "range_query_time_sec": 0.006471000000601634,
        "random_workload_time_sec": 0.07730199999787146,
        "peak_memory_bytes": 2051896
      },
      "bruteforce": {
        "insert_time_sec": 2.307265200000984,
        "search_time_sec": 0.7244078000003356,
        "delete_time_sec": 0.47271510000064154,
        "range_query_time_sec": 0.007353799999691546,
        "random_workload_time_sec": 0.26200510000126087,
        "peak_memory_bytes": 473744
      }
    }
  ]
}