{
  "config": {
    "sizes": [
      100,
      1100,
      2100,
      3100,
      4100,
      5100,
      6100,
      7100,
      8100,
      9100
    ],
    "seed": 42,
    "bplustree_order": 4
  },
  "results": [
    {
      "size": 100,
      "bplustree": {
        "insert_time_sec": 0.0007738999993307516,
        "search_time_sec": 5.3499999921768904e-05,
        "delete_time_sec": 0.0003142000059597194,
        "range_query_time_sec": 6.0999998822808266e-05,
        "random_workload_time_sec": 0.00014630000805482268,
        "peak_memory_bytes": 23672
      },
      "bruteforce": {
        "insert_time_sec": 0.0003156000020680949,
        "search_time_sec": 0.0002555000100983307,
        "delete_time_sec": 0.00031659999513067305,
        "range_query_time_sec": 0.0001362999901175499,
        "random_workload_time_sec": 0.0003015999973285943,
        "peak_memory_bytes": 1432
      }
    },
    {
      "size": 1100,
      "bplustree": {
        "insert_time_sec": 0.005256400007056072,
        "search_time_sec": 0.0006358000100590289,
        "delete_time_sec": 0.0023206000041682273,
        "range_query_time_sec": 0.000898600002983585,
        "random_workload_time_sec": 0.005363999996916391,
        "peak_memory_bytes": 246592
      },
      "bruteforce": {
        "insert_time_sec": 0.059992399998009205,
        "search_time_sec": 0.012217700001201592,
        "delete_time_sec": 0.010328599993954413,
        "range_query_time_sec": 0.0010483000078238547,
        "random_workload_time_sec": 0.005875500006368384,
        "peak_memory_bytes": 9368
      }
    },
    {
      "size": 2100,
      "bplustree": {
        "insert_time_sec": 0.005999500004691072,
        "search_time_sec": 0.0006979000027058646,
        "delete_time_sec": 0.012174200004665181,
        "range_query_time_sec": 0.0011192999954801053,
        "random_workload_time_sec": 0.007124199997633696,
        "peak_memory_bytes": 470536
      },
      "bruteforce": {
        "insert_time_sec": 0.17165380000369623,
        "search_time_sec": 0.03279320000729058,
        "delete_time_sec": 0.028413099993485957,
        "range_query_time_sec": 0.003073600004427135,
        "random_workload_time_sec": 0.016857399998116307,
        "peak_memory_bytes": 24400
      }
    },
    {
      "size": 3100,
      "bplustree": {
        "insert_time_sec": 0.008669100003316998,
        "search_time_sec": 0.0011295000003883615,
        "delete_time_sec": 0.004372399998828769,
        "range_query_time_sec": 0.0011763000075006858,
        "random_workload_time_sec": 0.014434099997743033,
        "peak_memory_bytes": 700296
      },
      "bruteforce": {
        "insert_time_sec": 0.26056520000565797,
        "search_time_sec": 0.08095240000693593,
        "delete_time_sec": 0.07185320000280626,
        "range_query_time_sec": 0.0024335000052815303,
        "random_workload_time_sec": 0.04031559999566525,
        "peak_memory_bytes": 88152
      }
    },
    {
      "size": 4100,
      "bplustree": {
        "insert_time_sec": 0.012319899993599392,
        "search_time_sec": 0.0015181000053416938,
        "delete_time_sec": 0.005836199998157099,
        "range_query_time_sec": 0.002630399991176091,
        "random_workload_time_sec": 0.018597499991301447,
        "peak_memory_bytes": 920440
      },
      "bruteforce": {
        "insert_time_sec": 0.47260939999250695,
        "search_time_sec": 0.14603340000030585,
        "delete_time_sec": 0.10572199999296572,
        "range_query_time_sec": 0.002932699993834831,
        "random_workload_time_sec": 0.050900000002002344,
        "peak_memory_bytes": 151120
      }
    },
    {
      "size": 5100,
      "bplustree": {
        "insert_time_sec": 0.01680050000140909,
        "search_time_sec": 0.004917300000670366,
        "delete_time_sec": 0.009563999992678873,
        "range_query_time_sec": 0.0044064999965485185,
        "random_workload_time_sec": 0.05315730000438634,
        "peak_memory_bytes": 1148360
      },
      "bruteforce": {
        "insert_time_sec": 0.9113981999980751,
        "search_time_sec": 0.221835700009251,
        "delete_time_sec": 0.169181799996295,
        "range_query_time_sec": 0.003711099998326972,
        "random_workload_time_sec": 0.12538909999420866,
        "peak_memory_bytes": 215952
      }
    },
    {
      "size": 6100,
      "bplustree": {
        "insert_time_sec": 0.019903699998394586,
        "search_time_sec": 0.003182200001901947,
        "delete_time_sec": 0.009345200000097975,
        "range_query_time_sec": 0.0028220000094734132,
        "random_workload_time_sec": 0.04050130001269281,
        "peak_memory_bytes": 1378528
      },
      "bruteforce": {
        "insert_time_sec": 1.1754126000014367,
        "search_time_sec": 0.33940789999905974,
        "delete_time_sec": 0.20815189999120776,
        "range_query_time_sec": 0.004810600003111176,
        "random_workload_time_sec": 0.16244189999997616,
        "peak_memory_bytes": 283152
      }
    },
    {
      "size": 7100,
      "bplustree": {
        "insert_time_sec": 0.022572200003196485,
        "search_time_sec": 0.0030610999965574592,
        "delete_time_sec": 0.013898699995479546,
        "range_query_time_sec": 0.003824500003247522,
        "random_workload_time_sec": 0.05253500000981148,
        "peak_memory_bytes": 1603048
      },
      "bruteforce": {
        "insert_time_sec": 1.4376456000027247,
        "search_time_sec": 0.39325320000352804,
        "delete_time_sec": 0.277370299998438,
        "range_query_time_sec": 0.0060578999982681125,
        "random_workload_time_sec": 0.20147020000149496,
        "peak_memory_bytes": 345808
      }
    },
    {
      "size": 8100,
      "bplustree": {
        "insert_time_sec": 0.03104679999523796,
        "search_time_sec": 0.003305200007162057,
        "delete_time_sec": 0.012517199997091666,
        "range_query_time_sec": 0.004143300000578165,
        "random_workload_time_sec": 0.06428989999403711,
        "peak_memory_bytes": 1823760
      },
      "bruteforce": {
        "insert_time_sec": 1.8952335999929346,
        "search_time_sec": 0.5211426000023494,
        "delete_time_sec": 0.3620309000107227,
        "range_query_time_sec": 0.006317099992884323,
        "random_workload_time_sec": 0.25083879999874625,
        "peak_memory_bytes": 409296
      }
    },
    {
      "size": 9100,
      "bplustree": {
        "insert_time_sec": 0.03103299999202136,
        "search_time_sec": 0.004228100006002933,
        "delete_time_sec": 0.015569300012430176,
        "range_query_time_sec": 0.006186099999467842,
        "random_workload_time_sec": 0.08039190000272356,
        "peak_memory_bytes": 2051784
      },
      "bruteforce": {
        "insert_time_sec": 2.5022706000017934,
        "search_time_sec": 0.6796336999977939,
        "delete_time_sec": 0.4548879000067245,
        "range_query_time_sec": 0.011095299996668473,
        "random_workload_time_sec": 0.29066459999012295,
        "peak_memory_bytes": 473744
      }
    }
  ]
}